"Antwort ID";"Datum Abgeschickt";"Letzte Seite";"Start-Sprache";"Zufallsstartwert";"Wie alt sind Sie?";"Welchem Geschlecht gehören Sie an?";"Haben Sie die deutsche Staatsbürgerschaft?";"Welcher ist Ihr höchster Bildungsabschluss?";"Welcher ist Ihr höchster Bildungsabschluss? [Sonstiges]";"Welche sozialen Netzwerke nutzen Sie regelmäßig? [Facebook]";"Welche sozialen Netzwerke nutzen Sie regelmäßig? [X (ehemals Twitter)]";"Welche sozialen Netzwerke nutzen Sie regelmäßig? [Instagram]";"Welche sozialen Netzwerke nutzen Sie regelmäßig? [TikTok]";"Welche sozialen Netzwerke nutzen Sie regelmäßig? [YouTube]";"Welche sozialen Netzwerke nutzen Sie regelmäßig? [LinkedIn]";"Welche sozialen Netzwerke nutzen Sie regelmäßig? [Sonstiges]";"Wie häufig nutzen Sie soziale Medien, um sich über Politik zu informieren?";"Haben sie schon einmal mit einem*r Politiker*in oder einer politischen Partei über Social Media interagiert?";"In welcher Form? [Beitrag geliked]";"In welcher Form? [Beitrag kommentiert]";"In welcher Form? [Beitrag geteilt]";"In welcher Form? [An einer Umfrage teilgenommen]";"In welcher Form? [An einem Livestream teilgenommen]";"In welcher Form? [Eine direkte Nachricht gesendet]";"In welcher Form? [Sonstiges]";"Wie wichtig ist Ihnen die Möglichkeit, direkt mit Politiker*innen auf Social Media zu interagieren?";"Inwiefern stimmen Sie den folgenden Aussagen zu? [Die Interaktion mit Politiker*innen auf Social Media erhöht mein Interesse an Politik.]";"Inwiefern stimmen Sie den folgenden Aussagen zu? [Durch den Austausch auf Social Media fühle ich mich besser über politische Themen informiert.]";"Inwiefern stimmen Sie den folgenden Aussagen zu? [Die Möglichkeit zur Interaktion auf Social Media motiviert mich, mich stärker politisch zu engagieren.]";"Inwiefern stimmen Sie den folgenden Aussagen zu? [Ich fühle mich durch die Interaktionsmöglichkeiten auf Social Media stärker in politische Entscheidungsprozesse eingebunden.]";"Hat die Interaktion mit Politiker*innen auf Social Media Ihre Wahlbeteiligung beeinflusst?";"Wie hat sich Ihr Vertrauen in Politiker*innen durch deren Präsenz und Interaktionsangebote auf Social Media verändert?";"Inwiefern stimmen Sie den folgenden Aussagen zu?  [Die Präsenz von Politiker*innen auf Social Media macht sie für mich nahbarer und menschlicher.]";"Inwiefern stimmen Sie den folgenden Aussagen zu?  [Durch die Interaktionsmöglichkeiten auf Social Media fühle ich mich von Politiker*innen ernster genommen.]";"Inwiefern stimmen Sie den folgenden Aussagen zu?  [Die Kommunikation von Politiker*innen auf Social Media erscheint mir authentischer als traditionelle Medienauftritte.]";"Inwiefern stimmen Sie den folgenden Aussagen zu?  [Das Verhalten von Politiker*innen auf Social Media hat einen starken Einfluss auf mein Vertrauen in Sie.]";"Was könnte Ihrer Meinung nach verbessert werden, um die Interaktion zwischen Bürger*innen und Politiker*innen auf Social Media effektiver zu gestalten? ";"Haben Sie noch weitere Anmerkungen zum Thema politische Kommunikation auf Social Media? ";"Gesamtzeit";"Gruppenzeit: Demografische Angaben";"Fragenzeit: G01Q01";"Fragenzeit: G01Q02";"Fragenzeit: G01Q03";"Fragenzeit: G01Q04";"Gruppenzeit: Nutzung Sozialer Medien";"Fragenzeit: G02Q05";"Fragenzeit: G02Q06";"Gruppenzeit: Interaktion mit Politiker*innen auf Social Media";"Fragenzeit: G03Q07";"Fragenzeit: G03Q08";"Fragenzeit: G03Q09";"Fragenzeit: G03Q10";"Fragenzeit: G03Q11";"Gruppenzeit: Vertrauen in die Politik";"Fragenzeit: G04Q12";"Fragenzeit: G04Q13";"Fragenzeit: G04Q14";"Fragenzeit: G04Q15"
"1";"1980-01-01 00:00:00";"4";"de";"1130821118";"25";"AO01";"AO01";"AO05";"";"0";"0";"1";"1";"0";"1";"";"AO02";"AO04";"";"";"";"";"";"";;"AO03";"AO01";"AO01";"AO01";"AO01";"AO03";"AO03";"AO03";"AO01";"AO01";"AO01";"";"";"103.52";"23.43";;;;;"14.55";;;"32.71";;;;;;"32.83";;;;
"2";"1980-01-01 00:00:00";"4";"de";"70028605";"21";"AO01";"AO01";"AO04";"";"0";"0";"1";"0";"0";"0";"";"AO02";"AO04";"";"";"";"";"";"";;"AO03";"AO04";"AO03";"AO04";"AO04";"AO03";"AO03";"AO05";"AO03";"AO02";"AO02";"";"";"299.77";"189.7";;;;;"31.59";;;"38.66";;;;;;"39.82";;;;
"3";"1980-01-01 00:00:00";"4";"de";"2080151871";"21";"AO01";"AO01";"AO04";"";"0";"0";"1";"1";"1";"0";"";"AO02";"AO03";"";"";"";"";"";"";;"AO03";"AO04";"AO05";"AO05";"AO05";"AO03";"AO03";"AO04";"AO03";"AO05";"AO02";"das kommt ganz auf die Partei an ";"";"203.71";"16.46";;;;;"18.82";;;"75.61";;;;;;"92.82";;;;
"4";"1980-01-01 00:00:00";"4";"de";"794006123";"20";"AO01";"AO01";"AO04";"";"0";"0";"1";"0";"1";"0";"";"AO01";"AO02";"";"";"";"";"";"";;"AO03";"AO03";"AO06";"AO05";"AO03";"AO03";"AO03";"AO05";"AO02";"AO03";"AO04";"Weniger PR aber auch weniger Veralberung, ich will die Leute schon noch ernst nehmen; vielleicht mehr so Umfragemöglichkeiten statt Stress in kommentarspalten ";"ich finde da unterscheidet sich die Qualität und der Austauschwillen von Partei zu Partei extrem: AfD auf insta ist absolut inkompetent und furchtbar feindselig auch in Kommunikation, andere Parteien deutlich konstruktiver ";"394.81";"30.74";;;;;"67.52";;;"97.22";;;;;;"199.33";;;;
"5";"1980-01-01 00:00:00";"4";"de";"169560318";"45";"AO01";"AO01";"AO07";"";"1";"1";"1";"0";"1";"1";"";"AO01";"AO03";"";"";"";"";"";"";;"AO03";"AO01";"AO04";"AO01";"AO01";"AO03";"AO03";"AO04";"AO01";"AO01";"AO01";"";"";"256.88";"52.01";;;;;"25.39";;;"81.26";;;;;;"98.22";;;;
"7";"1980-01-01 00:00:00";"4";"de";"2093882888";"20";"AO01";"AO01";"AO04";"";"0";"0";"1";"0";"1";"1";"";"AO01";"AO02";"";"";"";"";"";"";;"AO02";"AO06";"AO06";"AO06";"AO04";"AO03";"AO02";"AO04";"AO03";"AO04";"AO02";"";"";"172.92";"19.17";;;;;"27.72";;;"81.32";;;;;;"44.71";;;;
"10";"1980-01-01 00:00:00";"4";"de";"1779210983";"21";"AO02";"AO01";"AO04";"";"0";"0";"1";"1";"1";"0";"";"AO01";"AO02";"";"";"";"";"";"";;"AO03";"AO03";"AO02";"AO04";"AO05";"AO03";"AO03";"AO03";"AO02";"AO03";"AO05";"";"";"165.84";"19.45";;;;;"23.03";;;"64.74";;;;;;"58.62";;;;
"11";"1980-01-01 00:00:00";"4";"de";"934942149";"24";"AO01";"AO01";"AO05";"";"0";"0";"1";"0";"1";"1";"";"AO01";"AO04";"";"";"";"";"";"";;"AO02";"AO05";"AO02";"AO02";"AO05";"";"AO03";"AO04";"AO02";"AO04";"AO02";"Vielleicht LiveStreams bei denen man Fragen stellen. Kann. ";"Dadurch das die Politiker eh ja nicht das Social Media selber führen, find ich nicht das es die direkte Interaktion fordert, weil man eh vorgefertigte PR Texte kriegt :)";"508.18";"38.28";;;;;"57.66";;;"139.61";;;;;;"272.63";;;;
"13";"1980-01-01 00:00:00";"4";"de";"835049008";"23";"AO02";"AO01";"AO04";"";"0";"0";"1";"0";"1";"0";"";"AO02";"AO03";"";"";"";"";"";"";;"AO03";"AO04";"AO02";"AO05";"AO04";"AO01";"AO03";"AO05";"AO03";"AO05";"AO02";"Bessere Bot-Filter auf Instagram etc.";"";"242.53";"20.71";;;;;"12.18";;;"116.46";;;;;;"93.18";;;;
"14";"1980-01-01 00:00:00";"4";"de";"1040937906";"21";"AO01";"AO01";"AO04";"";"0";"0";"1";"0";"0";"0";"Bereal, WhatsApp";"AO01";"AO04";"";"";"";"";"";"";;"AO03";"AO05";"AO06";"AO01";"AO01";"AO03";"AO04";"AO01";"AO01";"AO01";"AO03";"Ich denke, dass das kaum möglich ist. Bevor Politikmachende etwas veröffentlichen geht es immer erst geprüft oder der Inhalt ist Teil einer Kampagne von einem Presseteam. Daher ist alles informierende völlig fine, aber nähe ist halt Fake. Deswegen sollten sie ihr bestes geben und ehrlich und auf Augenhöhe interagieren - ohne dumme Trends und ohne Familienbilder. Politik gehört in den Mittelpunkt.";"Vermisse die Zeit als man auf Instagram das Gehirn abschalten konnte. Jetzt tauchen immer wieder erste Themen auf - die wichtig sind, keine Frage - aber es ist gemein das jede Spaß Plattform zum politischen Kampf genutzt wird.";"444.23";"20.94";;;;;"42.93";;;"71.08";;;;;;"309.28";;;;
"15";"1980-01-01 00:00:00";"4";"de";"1140645062";"22";"AO02";"AO01";"AO04";"";"0";"0";"1";"1";"1";"1";"";"AO02";"AO03";"";"";"";"";"";"";;"AO03";"AO05";"AO05";"AO04";"AO05";"AO03";"AO02";"AO06";"AO05";"AO05";"AO04";"";"";"109.8";"16.21";;;;;"13.69";;;"37.64";;;;;;"42.26";;;;
"16";"1980-01-01 00:00:00";"4";"de";"1882275539";"29";"AO02";"AO01";"AO06";"";"0";"0";"1";"0";"1";"1";"";"AO04";"AO04";"";"";"";"";"";"";;"AO04";"AO01";"AO01";"AO01";"AO01";"AO03";"AO03";"AO04";"AO02";"AO03";"AO02";"";"";"143.33";"17.42";;;;;"12.59";;;"39.68";;;;;;"73.64";;;;
"17";"1980-01-01 00:00:00";"4";"de";"1989498741";"26";"AO02";"AO01";"AO03";"";"1";"1";"1";"1";"1";"0";"";"AO01";"AO04";"";"";"";"";"";"";;"AO04";"AO04";"AO04";"AO04";"AO04";"";"AO02";"AO04";"AO03";"AO03";"AO03";"";"";"89.55";"20.76";;;;;"11.86";;;"29.92";;;;;;"27.01";;;;
"19";"1980-01-01 00:00:00";"4";"de";"1156803857";"17";"AO02";"AO01";"AO03";"";"0";"1";"1";"0";"1";"0";"Twitch";"AO01";"AO03";"";"";"";"";"";"";;"AO03";"AO04";"AO04";"AO03";"AO04";"";"AO03";"AO04";"AO03";"AO03";"AO03";"";"";"205.32";"78.72";;;;;"18.97";;;"65.09";;;;;;"42.54";;;;
"20";"1980-01-01 00:00:00";"4";"de";"1891597810";"18";"AO02";"AO01";"AO05";"";"0";"0";"1";"1";"1";"0";"";"AO02";"AO04";"";"";"";"";"";"";;"AO03";"AO04";"AO03";"AO04";"AO05";"AO01";"AO03";"AO02";"AO04";"AO03";"AO02";"";"";"246.59";"21.98";;;;;"20.79";;;"111.35";;;;;;"92.47";;;;
"21";"1980-01-01 00:00:00";"4";"de";"1565662895";"21";"AO01";"AO01";"AO04";"";"0";"0";"1";"1";"1";"0";"";"AO01";"AO03";"";"";"";"";"";"";;"AO02";"AO05";"AO05";"AO03";"AO04";"AO03";"AO03";"AO04";"AO04";"AO03";"AO04";"-noch mehr Transparenz
-mehr interaktive Formate, in dem man aktiv auf Fragen eingeht oder diskutiert";"Man sollte beachten, dass dieses Thema Chancen und Herausforderungen mit sich bringt. Chancen gerade in der Verteilung, da man über Social Media mehrere Menschen erreichen kann und sich Inhalte schneller verbreiten. Aber auch Herausforderungen mit Fake-News, das immer präsentere Thema KI und Polarisierung ";"347.11";"14.85";;;;;"21.93";;;"38.65";;;;;;"271.68";;;;
"22";"1980-01-01 00:00:00";"4";"de";"1770447199";"34";"AO02";"AO01";"AO07";"";"1";"0";"1";"0";"1";"0";"";"AO01";"AO03";"";"";"";"";"";"";;"AO03";"AO04";"AO05";"AO03";"AO03";"AO03";"AO03";"AO02";"AO02";"AO05";"AO02";"Live-streaming in denen auf bestimmte Themen eingegangen wird inkl. live Q&A.";"";"189.1";"23.51";;;;;"14.35";;;"43.49";;;;;;"107.75";;;;
"23";"1980-01-01 00:00:00";"4";"de";"1769945654";"58";"AO02";"AO01";"AO07";"";"0";"0";"1";"0";"0";"1";"";"AO01";"AO04";"";"";"";"";"";"";;"AO04";"AO01";"AO01";"AO01";"AO01";"";"AO03";"AO01";"AO01";"AO01";"AO01";"";"";"150.93";"34.79";;;;;"19.01";;;"56.63";;;;;;"40.5";;;;
"24";"1980-01-01 00:00:00";"4";"de";"296894592";"48";"AO02";"AO01";"AO03";"";"1";"0";"1";"0";"0";"0";"";"AO01";"AO04";"";"";"";"";"";"";;"AO03";"AO03";"AO05";"AO03";"AO03";"AO03";"AO03";"AO03";"AO02";"AO02";"AO02";"";"";"163.35";"25.77";;;;;"17.43";;;"74.53";;;;;;"45.62";;;;
"25";"1980-01-01 00:00:00";"4";"de";"707850196";"26";"AO02";"AO01";"AO07";"";"0";"0";"1";"0";"1";"1";"";"AO02";"AO04";"";"";"";"";"";"";;"AO03";"AO03";"AO05";"AO01";"AO03";"AO03";"AO02";"AO05";"AO03";"AO03";"AO04";"";"";"221.11";"23.28";;;;;"20.26";;;"60.14";;;;;;"117.43";;;;
"26";"1980-01-01 00:00:00";"4";"de";"1288320993";"33";"AO02";"AO01";"AO04";"";"0";"0";"1";"0";"0";"0";"";"AO01";"AO03";"";"";"";"";"";"";;"AO02";"AO04";"AO04";"AO04";"AO04";"AO03";"AO03";"AO04";"AO05";"AO04";"AO04";"";"";"75.57";"16.11";;;;;"9.95";;;"34.41";;;;;;"15.1";;;;
"27";"1980-01-01 00:00:00";"4";"de";"905982957";"20";"AO01";"AO01";"AO05";"";"0";"0";"1";"1";"0";"0";"";"AO04";"AO04";"";"";"";"";"";"";;"AO03";"AO04";"AO05";"AO03";"AO05";"AO03";"AO02";"AO05";"AO02";"AO04";"AO03";"";"";"211.91";"32.01";;;;;"34.79";;;"92.3";;;;;;"52.81";;;;
"28";"1980-01-01 00:00:00";"4";"de";"481267190";"18";"AO02";"AO01";"AO07";"";"0";"0";"1";"0";"1";"0";"";"AO04";"AO04";"";"";"";"";"";"";;"AO01";"AO06";"AO05";"AO01";"AO05";"AO03";"AO03";"AO04";"AO04";"AO04";"AO04";"";"";"146.74";"32.54";;;;;"15.04";;;"61.42";;;;;;"37.74";;;;
"30";"1980-01-01 00:00:00";"4";"de";"1750574672";"59";"AO01";"AO01";"AO06";"";"1";"0";"1";"0";"0";"1";"";"AO02";"AO04";"";"";"";"";"";"";;"AO03";"AO01";"AO01";"AO01";"AO01";"AO03";"AO03";"AO01";"AO01";"AO01";"AO01";"";"";"211.77";"50.15";;;;;"53.06";;;"54.64";;;;;;"53.92";;;;
"31";"1980-01-01 00:00:00";"4";"de";"1349169555";"29";"AO02";"AO01";"AO07";"";"1";"0";"1";"1";"0";"0";"";"AO04";"AO04";"";"";"";"";"";"";;"AO04";"AO01";"AO03";"AO01";"AO01";"AO03";"AO04";"AO02";"AO01";"AO03";"AO01";"";"";"250.01";"51.73";;;;;"18.9";;;"97.73";;;;;;"81.65";;;;
"32";"1980-01-01 00:00:00";"4";"de";"1869959850";"27";"AO02";"AO01";"AO06";"";"1";"0";"1";"0";"1";"0";"";"AO01";"AO04";"";"";"";"";"";"";;"AO03";"AO05";"AO05";"AO05";"AO05";"";"AO03";"AO05";"AO04";"AO05";"AO04";"";"";"102.62";"19.97";;;;;"9.36";;;"40.51";;;;;;"32.78";;;;
"33";"1980-01-01 00:00:00";"4";"de";"386005130";"36";"AO02";"AO01";"AO07";"";"1";"0";"1";"0";"1";"1";"";"AO04";"AO04";"";"";"";"";"";"";;"AO03";"AO01";"AO01";"AO01";"AO01";"AO03";"AO03";"AO01";"AO01";"AO01";"AO01";"";"";"192.05";"30.9";;;;;"18.36";;;"62.34";;;;;;"80.45";;;;
"34";"1980-01-01 00:00:00";"4";"de";"932583940";"21";"AO02";"AO01";"AO04";"";"0";"0";"1";"1";"1";"1";"";"AO01";"AO04";"";"";"";"";"";"";;"AO03";"AO04";"AO03";"AO04";"AO03";"AO03";"AO03";"AO04";"AO04";"AO03";"AO02";"";"";"92.37";"21.9";;;;;"17.41";;;"36.74";;;;;;"16.32";;;;
"35";"1980-01-01 00:00:00";"4";"de";"640070442";"27";"AO01";"AO01";"AO06";"";"0";"0";"1";"1";"0";"0";"";"AO01";"AO04";"";"";"";"";"";"";;"AO02";"AO04";"AO05";"AO04";"AO05";"AO03";"AO03";"AO03";"AO02";"AO03";"AO03";"";"";"132.41";"22.43";;;;;"9.83";;;"55.4";;;;;;"44.75";;;;
"36";"1980-01-01 00:00:00";"4";"de";"696600456";"16";"AO02";"AO01";"AO03";"";"0";"0";"1";"0";"1";"0";"";"AO02";"AO04";"";"";"";"";"";"";;"AO03";"AO04";"AO05";"AO03";"AO04";"AO03";"AO02";"AO04";"AO05";"AO04";"AO02";"";"";"132.14";"23.95";;;;;"16.71";;;"55.04";;;;;;"36.44";;;;
"37";"1980-01-01 00:00:00";"4";"de";"1575216274";"56";"AO01";"AO01";"AO06";"";"0";"0";"1";"0";"1";"0";"";"AO03";"AO04";"";"";"";"";"";"";;"AO04";"AO01";"AO01";"AO01";"AO01";"AO03";"AO03";"AO03";"AO01";"AO02";"AO01";"";"";"153.4";"41.31";;;;;"43.83";;;"36.28";;;;;;"31.98";;;;
"38";"1980-01-01 00:00:00";"4";"de";"692576524";"21";"AO01";"AO01";"AO04";"";"0";"0";"1";"0";"1";"0";"";"AO03";"AO03";"";"";"";"";"";"";;"AO03";"AO04";"AO04";"AO04";"AO04";"AO03";"AO04";"AO05";"AO03";"AO06";"AO03";"";"";"125.3";"17.65";;;;;"13.25";;;"50.36";;;;;;"44.04";;;;
"39";"1980-01-01 00:00:00";"4";"de";"1154967529";"22";"AO01";"AO01";"AO04";"";"0";"0";"1";"1";"1";"0";"";"AO01";"AO04";"";"";"";"";"";"";;"AO03";"AO03";"AO06";"AO03";"AO03";"AO03";"AO03";"AO03";"AO03";"AO02";"AO02";"";"";"98.14";"22.44";;;;;"12.02";;;"32.11";;;;;;"31.57";;;;
"41";"1980-01-01 00:00:00";"4";"de";"1031233562";"22";"AO02";"AO01";"AO07";"";"0";"0";"1";"0";"1";"1";"";"AO02";"AO04";"";"";"";"";"";"";;"AO03";"AO01";"AO03";"AO01";"AO01";"AO03";"AO02";"AO04";"AO01";"AO05";"AO04";"Die Interaktion aus Social Media ins echte Leben holen. Interaktionen die in Social Media geführt werden sind aggressiver, intoleranter und populistischer als Interaktionen die zwischen Menschen von Angesicht zu Angesicht stattfinden. Social Media ist für sinnvolle und realitätsnahe Politik der falsche Raum.";"Siehe vorheriger Kommentar.";"316.93";"20.82";;;;;"12.83";;;"44.71";;;;;;"238.57";;;;
"42";"1980-01-01 00:00:00";"4";"de";"2087423040";"23";"AO02";"AO01";"AO07";"";"0";"0";"1";"1";"1";"1";"";"AO02";"AO03";"";"";"";"";"";"";;"AO02";"AO06";"AO05";"AO06";"AO06";"AO03";"AO02";"AO03";"AO03";"AO02";"AO04";"";"";"112.06";"17.97";;;;;"14.01";;;"46.89";;;;;;"33.19";;;;
"43";"1980-01-01 00:00:00";"4";"de";"1827812729";"23";"AO01";"AO01";"AO07";"";"0";"0";"1";"1";"1";"0";"";"AO05";"AO04";"";"";"";"";"";"";;"AO04";"AO03";"AO03";"AO01";"AO01";"AO03";"AO03";"AO04";"AO01";"AO04";"AO02";"";"";"156.46";"37.37";;;;;"20.43";;;"42.71";;;;;;"55.95";;;;
"44";"1980-01-01 00:00:00";"4";"de";"1926520911";"23";"AO02";"AO01";"AO04";"";"0";"0";"1";"0";"1";"0";"";"AO01";"AO03";"";"";"";"";"";"";;"AO03";"AO04";"AO05";"AO03";"AO04";"";"AO03";"AO05";"AO04";"AO05";"AO02";"Die Überprüfung von politischen Inhalten";"";"218.73";"34.44";;;;;"11.75";;;"65.27";;;;;;"107.27";;;;
"45";"1980-01-01 00:00:00";"4";"de";"1747613107";"24";"AO01";"AO01";"AO04";"";"0";"0";"1";"1";"0";"0";"";"AO02";"AO04";"";"";"";"";"";"";;"AO02";"AO06";"AO02";"AO04";"AO03";"AO03";"AO03";"AO05";"AO03";"AO02";"AO05";"";"";"163.87";"28.11";;;;;"19.79";;;"64.52";;;;;;"51.45";;;;
"46";"1980-01-01 00:00:00";"4";"de";"922862544";"20";"AO01";"AO01";"AO04";"";"0";"0";"1";"1";"1";"1";"";"AO01";"AO03";"";"";"";"";"";"";;"AO02";"AO06";"AO06";"AO05";"AO03";"AO03";"AO03";"AO04";"AO03";"AO05";"AO03";"";"";"107.57";"11.89";;;;;"11.35";;;"34.47";;;;;;"49.86";;;;
"47";"1980-01-01 00:00:00";"4";"de";"183941563";"18";"AO01";"AO01";"AO04";"";"0";"0";"1";"0";"0";"0";"";"AO02";"AO04";"";"";"";"";"";"";;"AO01";"AO02";"AO02";"AO05";"AO06";"AO03";"AO01";"AO06";"AO06";"AO06";"AO06";"";"";"101.25";"19.38";;;;;"13.85";;;"38.75";;;;;;"29.27";;;;
"48";"1980-01-01 00:00:00";"4";"de";"696372496";"17";"AO02";"AO01";"-oth-";"Grundschulabschluss";"0";"0";"1";"0";"1";"0";"Twitch";"AO01";"AO01";"0";"0";"0";"0";"0";"0";"Einfach nur gesehen";"AO03";"AO04";"AO05";"AO03";"AO04";"AO03";"AO05";"AO03";"AO03";"AO04";"AO04";"";"";"184.04";"41.09";;;;;"30.73";;;"78.2";;;;;;"34.02";;;;
"50";"1980-01-01 00:00:00";"4";"de";"2061590248";"21";"AO01";"AO01";"AO05";"";"0";"0";"1";"1";"1";"1";"";"AO04";"AO04";"";"";"";"";"";"";;"AO03";"AO05";"AO05";"AO06";"AO06";"AO03";"AO03";"AO04";"AO03";"AO04";"AO03";"";"";"181.51";"22.3";;;;;"18.23";;;"58.21";;;;;;"82.77";;;;
"51";"1980-01-01 00:00:00";"4";"de";"168706982";"21";"AO01";"AO01";"AO04";"";"0";"0";"1";"0";"0";"0";"";"AO01";"AO02";"";"";"";"";"";"";;"AO02";"AO02";"AO05";"AO03";"AO04";"AO01";"AO03";"AO04";"AO01";"AO02";"AO01";"";"";"95.8";"15.95";;;;;"11.11";;;"42.4";;;;;;"26.34";;;;
"53";"1980-01-01 00:00:00";"4";"de";"340711903";"27";"AO02";"AO01";"AO07";"";"1";"0";"1";"1";"0";"0";"";"AO04";"AO04";"";"";"";"";"";"";;"AO03";"AO05";"AO04";"AO03";"AO03";"AO03";"AO03";"AO02";"AO02";"AO04";"AO02";"";"";"139.42";"29.41";;;;;"22.46";;;"47.63";;;;;;"39.92";;;;
"54";"1980-01-01 00:00:00";"4";"de";"1414330291";"23";"AO01";"AO01";"AO04";"";"0";"0";"1";"0";"1";"1";"";"AO02";"AO04";"";"";"";"";"";"";;"AO04";"AO01";"AO05";"AO01";"AO03";"AO03";"AO04";"AO02";"AO01";"AO02";"AO02";"";"";"377.91";"50.41";;;;;"42.1";;;"85.36";;;;;;"200.04";;;;
"55";"1980-01-01 00:00:00";"4";"de";"2104826577";"22";"AO01";"AO01";"AO04";"";"0";"0";"1";"1";"0";"0";"";"AO02";"AO03";"";"";"";"";"";"";;"AO03";"AO04";"AO06";"AO01";"AO04";"AO03";"AO03";"AO04";"AO03";"AO03";"AO01";"";"";"139.86";"18.66";;;;;"16.44";;;"63.76";;;;;;"41";;;;
"56";"1980-01-01 00:00:00";"4";"de";"1394161917";"49";"AO02";"AO01";"AO06";"";"0";"0";"1";"1";"1";"0";"";"AO01";"AO04";"";"";"";"";"";"";;"AO03";"AO05";"AO05";"AO04";"AO04";"AO03";"AO03";"AO03";"AO03";"AO03";"AO01";"";"";"325.48";"32.92";;;;;"40.57";;;"117.95";;;;;;"134.04";;;;
"57";"1980-01-01 00:00:00";"4";"de";"938318695";"25";"AO02";"AO01";"AO05";"";"0";"0";"0";"0";"0";"0";"";"AO01";"AO04";"";"";"";"";"";"";;"AO03";"AO01";"AO01";"AO02";"AO01";"AO03";"AO05";"AO04";"AO02";"AO02";"AO03";"";"";"107.49";"19.58";;;;;"10.72";;;"43.29";;;;;;"33.9";;;;
"58";"1980-01-01 00:00:00";"4";"de";"1884243975";"25";"AO01";"AO01";"AO04";"";"0";"0";"1";"1";"0";"0";"";"AO05";"AO04";"";"";"";"";"";"";;"AO04";"AO01";"AO01";"AO01";"AO01";"AO03";"AO02";"AO01";"AO01";"AO01";"AO01";"";"";"122.41";"23.13";;;;;"13.21";;;"43.49";;;;;;"42.58";;;;
"59";"1980-01-01 00:00:00";"4";"de";"1676602420";"53";"AO01";"AO01";"AO06";"";"0";"0";"1";"0";"1";"0";"";"AO04";"AO04";"";"";"";"";"";"";;"AO03";"AO05";"AO05";"AO05";"AO06";"AO03";"AO03";"AO05";"AO02";"AO02";"AO01";"";"Ich finde Politik schwierig in Social Media da viel Fake ist. Bilder werden verändert oder in einen falschen Kontext gestellt. ";"364.1";"49.55";;;;;"33.84";;;"85.62";;;;;;"195.09";;;;
"60";"1980-01-01 00:00:00";"4";"de";"229107227";"50";"AO01";"AO01";"AO03";"";"1";"0";"1";"0";"1";"0";"";"AO02";"AO03";"";"";"";"";"";"";;"AO04";"AO05";"AO01";"AO01";"AO01";"AO03";"AO03";"AO02";"AO02";"AO02";"AO02";"";"";"127.53";"22.06";;;;;"19.34";;;"48.08";;;;;;"38.05";;;;
"61";"1980-01-01 00:00:00";"4";"de";"1411960160";"18";"AO02";"AO01";"AO04";"";"0";"0";"1";"1";"1";"0";"";"AO02";"AO03";"";"";"";"";"";"";;"AO03";"AO04";"AO06";"AO01";"AO05";"AO01";"AO03";"AO03";"AO04";"AO02";"AO04";"";"";"158.88";"27.33";;;;;"24.83";;;"44.67";;;;;;"62.05";;;;
"62";"1980-01-01 00:00:00";"4";"de";"902705993";"43";"AO02";"AO01";"AO07";"";"0";"0";"0";"0";"0";"1";"";"AO02";"AO04";"";"";"";"";"";"";;"AO04";"AO01";"AO03";"AO04";"AO03";"AO03";"AO03";"AO05";"AO04";"AO02";"AO02";"";"";"156.1";"22.19";;;;;"21.93";;;"57.28";;;;;;"54.7";;;;
"63";"1980-01-01 00:00:00";"4";"de";"659860075";"21";"AO01";"AO01";"AO06";"";"0";"0";"1";"1";"1";"0";"";"AO02";"AO03";"";"";"";"";"";"";;"AO02";"AO04";"AO06";"AO04";"AO04";"AO03";"AO03";"AO04";"AO02";"AO03";"AO04";"Mehr Informationen zu aktuellen Lage und erklärungsvideos";"-";"335.69";"20.74";;;;;"18.3";;;"76.57";;;;;;"220.08";;;;
"64";"1980-01-01 00:00:00";"4";"de";"723523221";"63";"AO01";"AO01";"AO02";"";"0";"0";"1";"0";"0";"0";"";"AO01";"AO02";"";"";"";"";"";"";;"AO01";"AO06";"AO05";"AO02";"AO02";"AO03";"AO01";"AO06";"AO05";"AO01";"AO03";"";"";"231.38";"33.85";;;;;"18.7";;;"72.06";;;;;;"106.77";;;;
"65";"1980-01-01 00:00:00";"4";"de";"167951958";"35";"AO02";"AO01";"AO07";"";"0";"0";"0";"1";"0";"0";"";"AO01";"AO04";"";"";"";"";"";"";;"AO03";"AO05";"AO05";"AO04";"AO04";"";"AO03";"AO02";"AO01";"AO01";"AO01";"";"";"171.63";"51.99";;;;;"14.55";;;"48.28";;;;;;"56.81";;;;
"66";"1980-01-01 00:00:00";"4";"de";"1416283115";"33";"AO01";"AO01";"AO07";"";"1";"0";"1";"0";"0";"1";"";"AO02";"AO04";"";"";"";"";"";"";;"AO03";"AO03";"AO03";"AO01";"AO01";"AO03";"AO03";"AO04";"AO01";"AO03";"AO04";"Häufig wird Social Media zu Wahlkampfzwecken genutzt. Einen ehrlichen Eindruck von der wirklichen Arbeit als Politiker wäre gut.
Vieles wirkt aufgesetzt.";"";"285.78";"17.83";;;;;"19.77";;;"51.08";;;;;;"197.1";;;;
"67";"1980-01-01 00:00:00";"4";"de";"834663964";"22";"AO02";"AO01";"AO04";"";"0";"1";"1";"0";"1";"0";"";"AO01";"AO02";"";"";"";"";"";"";;"AO04";"AO03";"AO04";"AO04";"AO01";"AO03";"AO04";"AO02";"AO01";"AO01";"AO03";"Wenn man wirkliche Probleme oder Themen ansprechen und nicht irgendwelche Food Blogs (Söder) oder ähnliche populistische scheiße hochladen würde (AfD/CDU/FDP)";"";"310.57";"22.17";;;;;"11.73";;;"76.69";;;;;;"199.98";;;;
"68";"1980-01-01 00:00:00";"4";"de";"939999376";"24";"AO01";"AO01";"AO07";"";"0";"0";"1";"0";"0";"0";"";"AO02";"AO04";"";"";"";"";"";"";;"AO03";"AO05";"AO02";"AO05";"AO05";"AO01";"AO02";"AO04";"AO03";"AO04";"AO03";"";"";"294.39";"46.53";;;;;"19.36";;;"121.58";;;;;;"106.92";;;;
"69";"1980-01-01 00:00:00";"4";"de";"610988672";"22";"AO01";"AO01";"AO04";"";"0";"0";"1";"0";"0";"0";"";"AO02";"AO04";"";"";"";"";"";"";;"AO03";"AO04";"AO05";"AO05";"AO01";"AO03";"AO04";"AO01";"AO01";"AO03";"AO04";"";"";"196.42";"18.48";;;;;"12.17";;;"72.77";;;;;;"93";;;;
"70";"1980-01-01 00:00:00";"4";"de";"940998544";"33";"AO01";"AO01";"-oth-";"Bachelor-Abschluss ";"1";"0";"1";"0";"1";"0";"";"AO05";"AO04";"";"";"";"";"";"";;"AO03";"AO01";"AO01";"AO01";"AO03";"AO03";"AO03";"AO03";"AO01";"AO03";"AO03";"";"";"534.65";"243.9";;;;;"47.69";;;"123.78";;;;;;"119.28";;;;
"71";"1980-01-01 00:00:00";"4";"de";"658932977";"43";"AO02";"AO01";"AO04";"";"0";"0";"1";"1";"0";"0";"";"AO01";"AO04";"";"";"";"";"";"";;"AO03";"AO04";"AO06";"AO05";"AO04";"AO01";"AO03";"AO04";"AO03";"AO03";"AO02";"";"";"144.78";"26.31";;;;;"16.75";;;"59.31";;;;;;"42.41";;;;
"72";"1980-01-01 00:00:00";"4";"de";"1839863557";"38";"AO02";"AO01";"AO07";"";"1";"0";"1";"0";"1";"1";"";"AO02";"AO03";"";"";"";"";"";"";;"AO03";"AO05";"AO04";"AO04";"AO04";"AO03";"AO03";"AO05";"AO03";"AO03";"AO03";"";"";"116";"22.07";;;;;"21.76";;;"40.51";;;;;;"31.66";;;;
"73";"1980-01-01 00:00:00";"4";"de";"1660174887";"10";"AO02";"AO01";"AO01";"";"0";"0";"0";"0";"0";"0";"";"AO05";"AO01";"0";"1";"0";"0";"0";"0";"";"AO03";"AO05";"AO06";"AO06";"AO06";"AO03";"AO04";"AO02";"AO04";"AO04";"AO03";"Freigabe ";"Hallo ";"116.37";"28.91";;;;;"7.35";;;"52.72";;;;;;"27.39";;;;
"74";"1980-01-01 00:00:00";"4";"de";"397078656";"26";"AO02";"AO01";"AO04";"";"0";"0";"1";"0";"1";"0";"";"AO03";"AO04";"";"";"";"";"";"";;"AO02";"AO06";"AO06";"AO04";"AO04";"AO01";"AO03";"AO04";"AO05";"AO04";"AO04";"";"";"219";"24.9";;;;;"14.31";;;"52.33";;;;;;"127.46";;;;
"75";"1980-01-01 00:00:00";"4";"de";"1769603454";"26";"AO01";"AO01";"AO07";"";"0";"1";"1";"0";"1";"1";"";"AO04";"AO04";"";"";"";"";"";"";;"AO03";"AO05";"AO05";"AO01";"AO01";"AO03";"AO04";"AO04";"AO03";"AO04";"AO03";"Andere Politiker.
Automatische Fakten Checks auf Antworten / Aussagen. Kontexteinordnung (zB Welche Parteien für das entsprechende Ministerium verantwortlich war, um nicht jedes Mal selbst nachschauen zu müssen) ";"";"310.56";"28.44";;;;;"35.61";;;"35.1";;;;;;"211.41";;;;
"77";"1980-01-01 00:00:00";"4";"de";"1155564040";"20";"AO03";"AO01";"AO04";"";"0";"0";"1";"1";"1";"0";"";"AO01";"AO02";"";"";"";"";"";"";;"AO02";"AO02";"AO06";"AO05";"AO06";"AO01";"AO02";"AO06";"AO05";"AO03";"AO03";"";"";"132.83";"16.22";;;;;"10.76";;;"63.37";;;;;;"42.48";;;;
"78";"1980-01-01 00:00:00";"4";"de";"106995472";"21";"AO01";"AO01";"AO04";"";"0";"1";"1";"1";"1";"0";"";"AO02";"AO03";"";"";"";"";"";"";;"AO02";"AO05";"AO06";"AO05";"AO06";"AO03";"AO02";"AO06";"AO05";"AO05";"AO06";"";"";"118.83";"17.37";;;;;"14.35";;;"47.78";;;;;;"39.33";;;;
"79";"1980-01-01 00:00:00";"4";"de";"1386199263";"20";"AO02";"AO01";"AO04";"";"0";"0";"1";"0";"1";"0";"";"AO03";"AO04";"";"";"";"";"";"";;"AO02";"AO02";"AO02";"AO06";"AO06";"AO03";"AO02";"AO06";"AO04";"AO05";"AO02";"";"";"244.5";"22.88";;;;;"26.59";;;"121.43";;;;;;"73.6";;;;
"80";"1980-01-01 00:00:00";"4";"de";"1066971930";"23";"AO02";"AO01";"AO04";"";"0";"0";"1";"0";"1";"0";"";"AO02";"AO04";"";"";"";"";"";"";;"AO03";"AO04";"AO06";"AO04";"AO01";"AO03";"AO03";"AO05";"AO04";"AO03";"AO01";"Indem die Politiker direkt über die Anliegen der Bürger sprechen anstatt ""lustige"" Tiktoks zu drehen. In Palästina herrscht immer noch ein Genozid und die Politiker sind lieber mit Tiktoks drehen beschäftigt. Warum werden Social Media Plattformen nicht einfach dafür genutzt, die ernsten Probleme direkt zu kommunizieren. Da kann man es ja auch direkter als über dir Mainstream Medien, wenn mans dirdkt mit seinem Account macht. ";"";"453.69";"14.43";;;;;"23.65";;;"112.67";;;;;;"302.94";;;;
"81";"1980-01-01 00:00:00";"4";"de";"418705221";"20";"AO01";"AO01";"AO04";"";"0";"0";"1";"0";"1";"0";"Twitch ";"AO01";"AO03";"";"";"";"";"";"";;"AO03";"AO03";"AO05";"AO05";"AO06";"AO03";"AO03";"AO04";"AO03";"AO03";"AO02";"";"";"503.25";"62.94";;;;;"41.72";;;"64.78";;;;;;"333.81";;;;
"82";"1980-01-01 00:00:00";"4";"de";"969345090";"20";"AO01";"AO01";"AO04";"";"0";"0";"0";"1";"1";"0";"WhatsApp";"AO05";"AO04";"";"";"";"";"";"";;"AO03";"AO04";"AO03";"AO03";"AO03";"";"AO03";"AO04";"AO03";"AO03";"AO02";"Mehr Umfragen für die Community";"";"214.59";"18.33";;;;;"34.77";;;"64.41";;;;;;"97.08";;;;
"83";"1980-01-01 00:00:00";"4";"de";"989308837";"21";"AO02";"AO01";"AO05";"";"0";"0";"0";"0";"1";"0";"Discord";"AO01";"AO04";"";"";"";"";"";"";;"AO03";"AO03";"AO06";"AO03";"AO01";"AO03";"AO05";"AO01";"AO01";"AO01";"AO01";"umfragen?";"nicht spritzen nicht vom Beckenrand springen";"318.77";"30.57";;;;;"40.94";;;"106.05";;;;;;"141.21";;;;
"84";"1980-01-01 00:00:00";"4";"de";"1970628548";"23";"AO01";"AO01";"AO04";"";"0";"0";"1";"1";"1";"0";"";"AO02";"AO03";"";"";"";"";"";"";;"AO03";"AO05";"AO06";"AO05";"AO04";"AO03";"AO02";"AO05";"AO05";"AO06";"AO04";"";"";"168.68";"17.6";;;;;"19.87";;;"74.42";;;;;;"56.79";;;;
"85";"1980-01-01 00:00:00";"4";"de";"677003900";"24";"AO01";"AO01";"AO06";"";"0";"0";"1";"0";"1";"1";"";"AO03";"AO04";"";"";"";"";"";"";;"AO02";"AO04";"AO04";"AO06";"AO05";"";"AO02";"AO05";"AO03";"AO04";"AO03";"";"";"192.18";"17.84";;;;;"22.64";;;"66.69";;;;;;"85.01";;;;
"86";"1980-01-01 00:00:00";"4";"de";"351341200";"22";"AO02";"AO01";"AO04";"";"0";"0";"1";"1";"1";"0";"";"AO01";"AO01";"1";"0";"0";"0";"0";"0";"Erneut veröffentlicht ";"AO01";"AO02";"AO02";"AO02";"AO02";"AO01";"AO01";"AO06";"AO06";"AO06";"AO06";"";"";"240.13";"17.64";;;;;"15.48";;;"160.26";;;;;;"46.75";;;;
"87";"1980-01-01 00:00:00";"4";"de";"958173373";"24";"AO01";"AO01";"AO04";"";"0";"0";"1";"0";"1";"0";"";"AO04";"AO04";"";"";"";"";"";"";;"AO03";"AO01";"AO04";"AO01";"AO01";"AO03";"AO05";"AO01";"AO02";"AO01";"AO06";"Politiker sollten in soziale Medien mehr seriös und bodenständig auftreten, anstatt mit Essens Blogs oder anderen Trends versuchen jüngere jugendliche oder Kinder zu erreichen. Es wirkt mehr abschreckend und man fühlt sich nicht ernst genommen ";"";"276.4";"14.91";;;;;"23.26";;;"42.88";;;;;;"195.35";;;;
"89";"1980-01-01 00:00:00";"4";"de";"671923567";"22";"AO02";"AO01";"AO04";"";"0";"1";"1";"1";"1";"0";"";"AO01";"AO04";"";"";"";"";"";"";;"AO03";"AO04";"AO03";"AO03";"AO03";"AO03";"AO04";"AO04";"AO02";"AO05";"AO04";"";"";"117.3";"13.42";;;;;"16.8";;;"42.56";;;;;;"44.52";;;;
"90";"1980-01-01 00:00:00";"4";"de";"1180969178";"24";"AO01";"AO01";"AO07";"";"0";"0";"1";"0";"0";"1";"";"AO02";"AO04";"";"";"";"";"";"";;"AO03";"AO02";"AO02";"AO06";"AO02";"AO03";"AO03";"AO05";"AO02";"AO05";"AO04";"Politiker als Influencer? Also quasi die tägliche Mitnahme ins politische Geschehen und die direkte Sprache in die Kamera durch Storys.";"";"181.37";"23.08";;;;;"17.88";;;"64.86";;;;;;"75.55";;;;
"91";"1980-01-01 00:00:00";"4";"de";"697748316";"24";"AO01";"AO01";"AO05";"";"0";"0";"1";"1";"1";"0";"Pinterest";"AO01";"AO04";"";"";"";"";"";"";;"AO02";"AO02";"AO02";"AO02";"AO02";"AO01";"AO02";"AO05";"AO04";"AO05";"AO04";"";"";"396.2";"26.23";;;;;"60.16";;;"71.07";;;;;;"238.74";;;;
"92";"1980-01-01 00:00:00";"4";"de";"1849542966";"26";"AO03";"AO01";"AO07";"";"0";"0";"1";"0";"1";"0";"Tumblr";"AO02";"AO03";"";"";"";"";"";"";;"AO02";"AO06";"AO02";"AO05";"AO06";"AO03";"AO03";"AO04";"AO04";"AO04";"AO03";"";"Nichts besser als bedeutende Politische Neuigkeiten in Form eines Supernatural Memes auf tumblr zu erfahren, 10/10 würden das weiterempfehlen. 
";"273.92";"48.69";;;;;"30.49";;;"81.5";;;;;;"113.24";;;;
"93";"1980-01-01 00:00:00";"4";"de";"2059846950";"23";"AO02";"AO01";"AO04";"";"0";"0";"1";"0";"1";"0";"";"AO01";"AO04";"";"";"";"";"";"";;"AO03";"AO05";"AO06";"AO05";"AO03";"AO01";"AO03";"AO04";"AO03";"AO01";"AO05";"";"";"208.87";"38.87";;;;;"38.86";;;"68.92";;;;;;"62.22";;;;
"96";"1980-01-01 00:00:00";"4";"de";"35170103";"22";"AO01";"AO01";"AO04";"";"0";"0";"1";"0";"1";"0";"";"AO01";"AO02";"";"";"";"";"";"";;"AO02";"AO05";"AO02";"AO06";"AO04";"AO03";"AO03";"AO04";"AO03";"AO04";"AO05";"";"";"91.89";"16.1";;;;;"11.94";;;"30.91";;;;;;"32.94";;;;
"97";"1980-01-01 00:00:00";"4";"de";"831834582";"24";"AO01";"AO01";"AO07";"";"0";"0";"1";"1";"0";"0";"";"AO02";"AO03";"";"";"";"";"";"";;"AO03";"AO05";"AO05";"AO04";"AO03";"AO03";"AO02";"AO05";"AO03";"AO03";"AO05";"Online Events bei denen Politiker*innen Fragen aus dem ""Publikum"" bzw Chat beantworten";"";"161.24";"12.7";;;;;"9.89";;;"39.23";;;;;;"99.42";;;;
"98";"1980-01-01 00:00:00";"4";"de";"1419813974";"21";"AO01";"AO01";"AO04";"";"0";"0";"1";"1";"1";"0";"";"AO01";"AO02";"";"";"";"";"";"";;"AO01";"AO02";"AO02";"AO06";"AO05";"AO03";"AO03";"AO06";"AO03";"AO05";"AO03";"livestreams";"";"203.91";"20.24";;;;;"24.18";;;"54.59";;;;;;"104.9";;;;
"99";"1980-01-01 00:00:00";"4";"de";"1796539761";"26";"AO01";"AO01";"AO04";"";"0";"0";"1";"0";"1";"0";"";"AO02";"AO04";"";"";"";"";"";"";;"AO04";"AO01";"AO04";"AO01";"AO01";"AO03";"AO04";"AO01";"AO01";"AO01";"AO01";"";"";"221.65";"55.4";;;;;"12.26";;;"74.45";;;;;;"79.54";;;;
"100";"1980-01-01 00:00:00";"4";"de";"578098304";"23";"AO01";"AO01";"AO04";"";"0";"1";"1";"1";"1";"0";"Tumblr";"AO02";"AO03";"";"";"";"";"";"";;"AO03";"AO05";"AO06";"AO06";"AO04";"AO03";"AO03";"AO03";"AO02";"AO03";"AO03";"";"";"161.74";"24.07";;;;;"30.86";;;"64.13";;;;;;"42.68";;;;
"101";"1980-01-01 00:00:00";"4";"de";"1339097103";"19";"AO01";"AO01";"AO04";"";"0";"0";"1";"1";"1";"0";"";"AO02";"AO03";"";"";"";"";"";"";;"AO02";"AO06";"AO02";"AO05";"AO06";"AO01";"AO02";"AO04";"AO04";"AO04";"AO04";"";"";"150.08";"12.6";;;;;"13.58";;;"47.89";;;;;;"76.01";;;;
"102";"1980-01-01 00:00:00";"4";"de";"1516706851";"23";"AO02";"AO01";"AO07";"";"0";"0";"1";"0";"1";"0";"";"AO01";"AO04";"";"";"";"";"";"";;"AO04";"AO06";"AO01";"AO02";"AO05";"AO03";"AO03";"AO02";"AO03";"AO03";"AO03";"";"";"100";"14.78";;;;;"15.28";;;"52.32";;;;;;"17.62";;;;
"103";"1980-01-01 00:00:00";"4";"de";"1832549576";"22";"AO01";"AO01";"AO04";"";"0";"0";"0";"0";"1";"1";"Discord";"AO04";"AO04";"";"";"";"";"";"";;"AO04";"AO01";"AO04";"AO01";"AO01";"AO03";"AO04";"AO01";"AO01";"AO01";"AO03";"Gerade die Posts, die sich an junge Menschen richten, wirken oft gezwungen/gestelzt. Und meistens versuchen diese Posts nur irgendwie die Menschlichkeit der Politiker darzustellen und nahbar zu wirken, anstatt konkrete Politik zu nennen, die die Politiker tatsächlich für junge Menschen tun wollen. Da fühle ich mich persönlich nicht ernst genommen.";"";"429.72";"16.05";;;;;"32.17";;;"35.86";;;;;;"345.64";;;;
"104";"1980-01-01 00:00:00";"4";"de";"2076930943";"23";"AO02";"AO02";"AO05";"";"0";"0";"1";"0";"1";"0";"";"AO04";"AO04";"";"";"";"";"";"";;"AO04";"AO01";"AO05";"AO01";"AO04";"AO03";"AO03";"AO01";"AO01";"AO01";"AO01";"Aus meiner Perspektive könnte nichts verbessert werden. Jeder nimmt es anders auf. Für mich gehören Politiker gar nicht auf soziale Medien.";"";"204.91";"23.7";;;;;"15.83";;;"55.31";;;;;;"110.07";;;;
"105";"1980-01-01 00:00:00";"4";"de";"254501181";"24";"AO01";"AO01";"AO04";"";"0";"1";"1";"1";"1";"0";"";"AO04";"AO04";"";"";"";"";"";"";;"AO03";"AO05";"AO05";"AO03";"AO03";"AO03";"AO04";"AO03";"AO02";"AO04";"AO03";"";"";"251.52";"12.24";;;;;"19.09";;;"63.07";;;;;;"157.12";;;;
"106";"1980-01-01 00:00:00";"4";"de";"1459464177";"24";"AO01";"AO01";"AO04";"";"0";"0";"1";"0";"0";"0";"";"AO02";"AO04";"";"";"";"";"";"";;"AO04";"AO01";"AO03";"AO01";"AO03";"AO03";"AO03";"AO02";"AO01";"AO03";"AO01";"";"Gerade die Interaktion zwischen Weidel und Musk war wie ein Fiebertraum und viele Aussagen waren einfach falsch. Hitler war mit 100%iger Sicherheit kein Kommunist. Es ist einfach sehr viel Platz für Faldchaussagen und Hetze. Und den Inhalt der Tasche von Olaf Scholz interessiert mich auch nicht. Und solche Beispiele unterstreichen meinen Standpunkt Politiker*innen und Parteien nicht auf Social Media zu folgen sondern auf die „wirklichen“ politischen Taten zu schauen. ";"497.85";"22.41";;;;;"20.39";;;"56.2";;;;;;"398.85";;;;
"107";"1980-01-01 00:00:00";"4";"de";"1143725387";"23";"AO01";"AO01";"-oth-";"abgeschlossene Berufsausbildung & Fachabi";"0";"1";"1";"0";"1";"0";"";"AO01";"AO03";"";"";"";"";"";"";;"AO01";"AO02";"AO02";"AO06";"AO04";"AO03";"AO03";"AO06";"AO03";"AO04";"AO02";"";"";"200.11";"97.3";;;;;"20.51";;;"46.6";;;;;;"35.7";;;;
"109";"1980-01-01 00:00:00";"4";"de";"178116442";"24";"AO01";"AO01";"AO06";"";"0";"0";"0";"0";"0";"0";"Discord";"AO05";"AO04";"";"";"";"";"";"";;"AO04";"AO01";"AO03";"AO03";"AO01";"AO03";"AO03";"AO02";"AO01";"AO01";"AO01";"";"";"106.39";"12.4";;;;;"15.89";;;"36.79";;;;;;"41.31";;;;
"110";"1980-01-01 00:00:00";"4";"de";"1660602450";"20";"AO01";"AO01";"AO04";"";"0";"0";"1";"0";"1";"0";"";"AO03";"AO03";"";"";"";"";"";"";;"AO04";"AO03";"AO04";"AO03";"AO03";"AO03";"AO04";"AO03";"AO02";"AO03";"AO04";"-";"";"294.57";"15.06";;;;;"23.94";;;"118.23";;;;;;"137.34";;;;
"111";"1980-01-01 00:00:00";"4";"de";"1353320371";"22";"AO02";"AO01";"AO04";"";"0";"0";"1";"0";"1";"0";"";"AO01";"AO03";"";"";"";"";"";"";;"AO03";"AO06";"AO05";"AO03";"AO05";"AO03";"AO03";"AO05";"AO02";"AO05";"AO05";"Sachlich bei Fakten bleiben. Auf Social Media neigen auch Politiker dazu krassere Thesen und Behauptungen aufzustellen habe ich den Eindruck. Der Inhalt zählt, die Plattform ist zweitrangig! ";"Wird meiner Meinung nach überbewertet. Ich denke wenn Politiker fast schon dazu gezwungen werden auf Social Media aktiv zu sein, ist das nicht gut für das politische Klima. Von politisch gebildeten jungen Menschen kann man finde ich erwarten dass sie sich auch auf anderem Wege als Social Media über Politik informieren. ";"621.06";"47.55";;;;;"12.93";;;"65.54";;;;;;"495.04";;;;
"112";"1980-01-01 00:00:00";"4";"de";"737018906";"19";"AO01";"AO01";"AO04";"";"0";"0";"1";"1";"1";"0";"";"AO02";"AO03";"";"";"";"";"";"";;"AO02";"AO05";"AO06";"AO06";"AO04";"AO03";"AO03";"AO03";"AO03";"AO04";"AO04";"";"";"198.23";"19.62";;;;;"15.4";;;"63.96";;;;;;"99.25";;;;
"113";"1980-01-01 00:00:00";"4";"de";"744478536";"23";"AO01";"AO01";"AO06";"";"0";"0";"1";"1";"1";"0";"Threads";"AO01";"AO02";"";"";"";"";"";"";;"AO01";"AO02";"AO02";"AO02";"AO02";"AO03";"AO03";"AO06";"AO05";"AO05";"AO06";"Gerade Stories z. B. auf Instagram bei denen zur Nutzung des Abstimmungstools oder des Kommentar/Nachrichtenfelds usw. aufgefordert wird, trägt zur Interaktion bei. Als Zuschauer wird man dadurch ja ""direkt"" gefragt, was für einige Menschen vermutlich angenehmer ist, als für alle einsehbar, seine Frage/seine Meinung als Kommentar zu posten.";"Ich persönlich folge halt doch eher den Politikern und Politikerinnen, die eh in ""meiner"" politischen Richtung sind. Und da ich selber politisch aktiv bin, ""kenne"" ich eine handvoll PolitikerInnen in echt und habe mir schon ""live"" ein Bild von ihnen machen können. ";"605.86";"16.25";;;;;"21.73";;;"56.49";;;;;;"511.39";;;;
"114";"1980-01-01 00:00:00";"4";"de";"751182191";"19";"AO02";"AO01";"AO05";"";"0";"0";"1";"0";"1";"0";"";"AO01";"AO04";"";"";"";"";"";"";;"AO03";"AO03";"AO06";"AO03";"AO03";"AO03";"AO02";"AO04";"AO02";"AO03";"AO04";"Streaming maybe";"Politiker sollten ihre Vision in den Vordergrund stellen und SM kann da sehr schnell viele erreichen ";"340.6";"24.69";;;;;"22.85";;;"81.77";;;;;;"211.29";;;;
"115";"1980-01-01 00:00:00";"4";"de";"1821833395";"21";"AO01";"AO01";"AO04";"";"0";"0";"1";"0";"1";"0";"";"AO02";"AO04";"";"";"";"";"";"";;"AO03";"AO03";"AO05";"AO03";"AO01";"";"AO03";"AO04";"AO02";"AO02";"AO03";"Themenspezifische FAQs in dem der Standpunkt der eigenen Partei zu einem Thema dargelegt/ erklärt wird.";"Bei manchen PolitikerInnen wirkt die Social Media Präsenz gestellt, bzw. fragwürdig (z.B. Söder, der auf einmal Lebkuchen mit seinem Gesicht aufgedruckt verlost oder Weihnachtssongs singt). Als PolitikerIn sollte man (meiner Meinung nach) gesellschaftlich relevante Themen diskutieren/ Lösungen erörtern, anstatt diverse Plattformen für die Selbstdarstellung zu nutzen. (Insbesondere, weil man auf Social Media eine andere Zielgruppe antrifft als auf klassischen Medien, evtl. Menschen erreicht, die sich sonst nicht stark mit Politik beschäftigen).";"905.06";"29.65";;;;;"37.57";;;"109.63";;;;;;"728.21";;;;
"116";"1980-01-01 00:00:00";"4";"de";"574915943";"24";"AO02";"AO01";"AO07";"";"0";"0";"0";"0";"0";"0";"";"AO04";"AO03";"";"";"";"";"";"";;"AO03";"AO05";"AO05";"AO04";"AO03";"AO03";"AO02";"AO05";"AO05";"AO03";"AO04";"";"Social Media als Plattform ist für mich nicht so relevant wie die Inhalte der Posts/Videos. Würde mich der gleiche Inhalt über andere Medien erreichen, hätte das vermutlich die gleiche Auswirkung.";"335.79";"32.96";;;;;"17.85";;;"67.51";;;;;;"217.47";;;;
"118";"1980-01-01 00:00:00";"4";"de";"1043136771";"20";"AO01";"AO01";"AO04";"";"0";"0";"1";"1";"1";"0";"Pinterest";"AO02";"AO04";"";"";"";"";"";"";;"AO03";"AO06";"AO02";"AO04";"AO05";"AO03";"AO03";"AO04";"AO03";"AO04";"AO05";"";"ich folge eher so Tagesschau und zdf, nicht direkt Politikern oder parteien";"235.07";"54";;;;;"29.4";;;"44.27";;;;;;"107.4";;;;
"119";"1980-01-01 00:00:00";"4";"de";"458492587";"22";"AO01";"AO01";"AO05";"";"0";"0";"1";"1";"1";"0";"";"AO02";"AO04";"";"";"";"";"";"";;"AO03";"AO06";"AO02";"AO06";"AO01";"";"AO04";"AO04";"AO01";"AO05";"AO05";"";"";"136.29";"22.8";;;;;"17.22";;;"45.61";;;;;;"50.66";;;;
"120";"1980-01-01 00:00:00";"4";"de";"1423537522";"22";"AO01";"AO01";"AO04";"";"0";"0";"1";"1";"1";"0";"Threads";"AO03";"AO04";"";"";"";"";"";"";;"AO02";"AO05";"AO05";"AO04";"AO04";"AO01";"AO02";"AO05";"AO04";"AO05";"AO04";"";"";"152.72";"15.32";;;;;"25.37";;;"64.65";;;;;;"47.38";;;;
"121";"1980-01-01 00:00:00";"4";"de";"1253632172";"23";"AO02";"AO01";"AO07";"";"0";"0";"1";"0";"1";"0";"";"AO01";"AO01";"1";"0";"1";"0";"0";"0";"";"AO02";"AO06";"AO02";"AO05";"AO03";"AO03";"AO01";"AO05";"AO03";"AO04";"AO05";"";"";"152.13";"27.29";;;;;"10.74";;;"60.18";;;;;;"53.92";;;;
"122";"1980-01-01 00:00:00";"4";"de";"1057826209";"19";"AO01";"AO01";"AO06";"";"0";"0";"1";"1";"0";"0";"";"AO04";"AO04";"";"";"";"";"";"";;"AO02";"AO06";"AO04";"AO06";"AO06";"";"AO04";"AO04";"AO03";"AO02";"AO03";"";"";"127.68";"24.39";;;;;"24.79";;;"45.23";;;;;;"33.27";;;;
"123";"1980-01-01 00:00:00";"4";"de";"1002794924";"20";"AO01";"AO01";"AO04";"";"0";"0";"1";"1";"1";"0";"";"AO04";"AO04";"";"";"";"";"";"";;"AO03";"AO01";"AO05";"AO05";"AO03";"AO03";"AO02";"AO03";"AO01";"AO02";"AO01";"";"Ich denke, dass Social Media einen großen Einfluss auf die politische Meinungsbildung von besonders jüngeren Menschen hat. 
Das ist jedoch meiner Meinung nach nicht nur durch die Social-Media-Präsenzen der Politiker*innen oder Parteien, sondern vor Allem durch Videos, in denen ""normale"" Bürger ihre Meinung kundtun. 
Ich denke, wenn man auf Social Media ständig Videos/Beiträge von Personen mit einer ähnlichen politischen Meinung sieht, sorgt das dafür, dass man diese Meinung für ""selbstverständlich"" hält und in dieser Meinung bestärkt wird. 
Auch in meiner persönlichen Social-Media-Nutzung konnte ich das bemerken, dass mir fast ausschließlich einseitige Meinungen auf dem politischen Spektrum angezeigt werden. ";"389.11";"12.57";;;;;"13.82";;;"45.86";;;;;;"316.86";;;;
"125";"1980-01-01 00:00:00";"4";"de";"704950624";"20";"AO01";"AO01";"AO04";"";"0";"0";"1";"0";"0";"0";"";"AO01";"AO03";"";"";"";"";"";"";;"AO02";"AO06";"AO06";"AO04";"AO05";"AO01";"AO02";"AO05";"AO04";"AO04";"AO04";"";"";"110.38";"12.84";;;;;"14.78";;;"46.25";;;;;;"36.51";;;;
"126";"1980-01-01 00:00:00";"4";"de";"1556747796";"22";"AO01";"AO01";"AO04";"";"0";"0";"1";"0";"1";"1";"";"AO03";"AO04";"";"";"";"";"";"";;"AO03";"AO05";"AO04";"AO03";"AO05";"AO03";"AO02";"AO05";"AO03";"AO03";"AO02";"";"";"163.67";"25.08";;;;;"18.74";;;"60.41";;;;;;"59.44";;;;
"128";"1980-01-01 00:00:00";"4";"de";"1025127066";"22";"AO01";"AO01";"AO04";"";"0";"0";"1";"0";"1";"0";"";"AO03";"AO04";"";"";"";"";"";"";;"AO04";"AO05";"AO06";"AO03";"AO05";"AO03";"AO03";"AO06";"AO04";"AO05";"AO04";"";"";"195.35";"48.84";;;;;"22.82";;;"57.55";;;;;;"66.14";;;;
"129";"1980-01-01 00:00:00";"4";"de";"1373491696";"21";"AO02";"AO01";"AO04";"";"0";"0";"1";"0";"1";"0";"";"AO05";"AO03";"";"";"";"";"";"";;"AO04";"AO06";"AO05";"AO04";"AO01";"";"AO05";"AO04";"AO02";"AO03";"AO01";"Wenn Politiker ihre Socialen Medien komplett selber führen. Man merkt, dass bei vielen Accounts ein Team hinter steckt. Wirkt und ist wahrscheinlich auch unauthentisch.";"";"552.66";"34.39";;;;;"17.3";;;"76.17";;;;;;"424.8";;;;
"131";"1980-01-01 00:00:00";"4";"de";"1197142643";"23";"AO02";"AO01";"AO04";"";"0";"0";"1";"0";"1";"1";"";"AO02";"AO04";"";"";"";"";"";"";;"AO03";"AO01";"AO04";"AO01";"AO01";"AO03";"AO03";"AO05";"AO01";"AO03";"AO01";"";"";"179.63";"13.62";;;;;"16.23";;;"77.13";;;;;;"72.65";;;;
"132";"1980-01-01 00:00:00";"4";"de";"1526881195";"23";"AO01";"AO01";"AO04";"";"0";"0";"1";"1";"1";"1";"";"AO02";"AO04";"";"";"";"";"";"";;"AO03";"AO06";"AO06";"AO06";"AO02";"AO01";"AO02";"AO06";"AO05";"AO04";"AO04";"";"";"227.21";"48.28";;;;;"17.58";;;"81.33";;;;;;"80.02";;;;
"133";"1980-01-01 00:00:00";"4";"de";"1265704181";"23";"AO01";"AO01";"AO04";"";"0";"0";"1";"0";"1";"0";"";"AO04";"AO04";"";"";"";"";"";"";;"AO03";"AO04";"AO03";"AO03";"AO03";"AO03";"AO03";"AO03";"AO02";"AO02";"AO02";"";"";"569.3";"21.95";;;;;"53.24";;;"279.76";;;;;;"214.35";;;;
"134";"1980-01-01 00:00:00";"4";"de";"1423455677";"22";"AO01";"AO01";"AO04";"";"0";"0";"1";"0";"1";"0";"";"AO03";"AO04";"";"";"";"";"";"";;"AO04";"AO03";"AO01";"AO01";"AO03";"AO03";"AO04";"AO02";"AO02";"AO03";"AO04";"";"";"122.91";"20.38";;;;;"18.27";;;"42.17";;;;;;"42.09";;;;
"135";"1980-01-01 00:00:00";"4";"de";"1830278656";"28";"AO02";"AO01";"AO04";"";"0";"1";"1";"1";"1";"0";"Threads, BlueSky, Tumblr";"AO01";"AO04";"";"";"";"";"";"";;"AO03";"AO03";"AO04";"AO03";"AO01";"AO03";"AO04";"AO04";"AO02";"AO04";"AO03";"stärkere Regulation";"-";"392.23";"28.26";;;;;"41.29";;;"125.05";;;;;;"197.63";;;;
"136";"1980-01-01 00:00:00";"4";"de";"1596555055";"20";"AO02";"AO01";"AO04";"";"0";"0";"1";"0";"1";"0";"";"AO02";"AO03";"";"";"";"";"";"";;"AO03";"AO05";"AO04";"AO04";"AO03";"AO03";"AO02";"AO05";"AO03";"AO05";"AO03";"";"";"107.31";"11.3";;;;;"14.17";;;"44.74";;;;;;"37.1";;;;
"137";"1980-01-01 00:00:00";"4";"de";"578887911";"22";"AO01";"AO01";"AO07";"";"0";"0";"1";"1";"1";"0";"";"AO01";"AO04";"";"";"";"";"";"";;"AO03";"AO04";"AO03";"AO05";"AO04";"AO01";"AO03";"AO02";"AO04";"AO03";"AO03";"";"";"166.2";"19.61";;;;;"15.15";;;"86.06";;;;;;"45.38";;;;
"140";"1980-01-01 00:00:00";"4";"de";"1738642006";"20";"AO01";"AO01";"AO04";"";"0";"0";"1";"1";"1";"0";"";"AO02";"AO02";"";"";"";"";"";"";;"AO02";"AO05";"AO05";"AO06";"AO04";"";"AO03";"AO05";"AO02";"AO05";"AO03";"";"";"97.39";"16.44";;;;;"12.69";;;"39.23";;;;;;"29.03";;;;
"141";"1980-01-01 00:00:00";"4";"de";"1483088726";"20";"AO01";"AO01";"AO04";"";"0";"0";"1";"1";"1";"0";"";"AO04";"AO03";"";"";"";"";"";"";;"AO02";"AO06";"AO02";"AO06";"AO04";"AO03";"AO03";"AO04";"AO03";"AO04";"AO05";"da fällt mir gerade leider nichts ein";"Ich sehe auch die Risiken dahinter, gerade junge Menschen die Social Media nutzen sind anfällig für Propaganda und somit ein leichtes Ziel für rechte Parteien.";"305.77";"28.53";;;;;"25.06";;;"69.24";;;;;;"182.94";;;;
"142";"1980-01-01 00:00:00";"4";"de";"395642513";"24";"AO01";"AO01";"AO04";"";"0";"0";"1";"0";"1";"0";"";"AO02";"AO04";"";"";"";"";"";"";;"AO02";"AO03";"AO06";"AO03";"AO05";"AO03";"AO03";"AO04";"AO04";"AO02";"AO04";"";"";"257.01";"92.12";;;;;"18.42";;;"75.89";;;;;;"70.58";;;;
"144";"1980-01-01 00:00:00";"4";"de";"1840771151";"22";"AO01";"AO01";"AO04";"";"0";"0";"1";"1";"1";"0";"";"AO01";"AO03";"";"";"";"";"";"";;"AO03";"AO03";"AO06";"AO03";"AO01";"AO03";"AO03";"AO03";"AO01";"AO01";"AO02";"Mehr seriöse Umfragen; bessere Aufklärungsvideos, die an die jeweiligen Plattformen angepasst sind ";"Ich finde, dass Social Media für viele Parteien Chancen hervorrufen können, nur leider kennen sich die meisten Parteien nicht mit den Vorteilen der jeweiligen Plattformen aus. Auch ist es sehr schwierig, die Informationen zu verbreiten, die einem am wichtigsten sind, da die Algorithmus-Funktionen dies meistens verhindern und nicht mit den Parteien kooperieren. Ich hoffe, dass es in Zukunft kompetente, für die Social-Media-Kanäle der Parteien verantwortliche Mitarbeiter:innen/ Parteimitglieder geben wird. ";"339.32";"12.73";;;;;"13.73";;;"37.13";;;;;;"275.73";;;;
"145";"1980-01-01 00:00:00";"4";"de";"549873928";"20";"AO01";"AO01";"AO04";"";"0";"0";"1";"1";"1";"0";"";"AO03";"AO04";"";"";"";"";"";"";;"AO04";"AO01";"AO02";"AO01";"AO05";"";"AO03";"AO05";"AO02";"AO05";"AO03";"";"";"110.1";"19.25";;;;;"15.19";;;"38.46";;;;;;"37.2";;;;
"146";"1980-01-01 00:00:00";"4";"de";"1939657411";"25";"AO02";"AO01";"AO06";"";"0";"0";"1";"0";"0";"0";"";"AO05";"AO04";"";"";"";"";"";"";;"AO03";"AO04";"AO03";"AO03";"AO05";"AO03";"AO03";"AO03";"AO02";"AO02";"AO02";"";"";"129.09";"16.88";;;;;"15.78";;;"43.46";;;;;;"52.97";;;;
"148";"1980-01-01 00:00:00";"4";"de";"235648333";"20";"AO02";"AO01";"AO04";"";"0";"0";"1";"1";"1";"0";"";"AO02";"AO03";"";"";"";"";"";"";;"AO02";"AO05";"AO06";"AO05";"AO03";"AO03";"AO04";"AO05";"AO02";"AO02";"AO03";"Mehr Politiker:innen sollten die Möglichkeit wahrnehmen über Social Media zu kommunizieren, wenn sie eine wahrhaft substanzielle Wählerschaft erreichen wollen.";"Politische Kommunikation ist meiner Auffassung nach deutlich zu populistisch und unreguliert auf Social Media. Großflächig zerfressen von Polemik. Vor allem in Anbetracht dessen, dass Meta jetzt vor kurzem angekündigt hat ihre Faktenchecks einzustellen. Die Zukunft der politischen Kommunikation sieht in meinen Augen zumindest in nächster Zeit nicht rosig aus.";"1808.07";"32.67";;;;;"47.45";;;"905.71";;;;;;"822.24";;;;
"149";"1980-01-01 00:00:00";"4";"de";"1738147959";"24";"AO01";"AO01";"AO07";"";"0";"0";"0";"0";"1";"0";"";"AO03";"AO04";"";"";"";"";"";"";;"AO03";"AO03";"AO04";"AO01";"AO05";"AO03";"AO03";"AO02";"AO01";"AO03";"AO01";"";"";"195.38";"18.26";;;;;"18.49";;;"57.53";;;;;;"101.1";;;;
"150";"1980-01-01 00:00:00";"4";"de";"1829405259";"19";"AO01";"AO01";"AO04";"";"0";"0";"1";"1";"0";"0";"";"AO02";"AO04";"";"";"";"";"";"";;"AO03";"AO05";"AO05";"AO03";"AO05";"AO03";"AO03";"AO05";"AO03";"AO03";"AO03";"Umfragen & Abstimmungen";"/";"224.53";"28.63";;;;;"20.38";;;"62.6";;;;;;"112.92";;;;
"153";"1980-01-01 00:00:00";"4";"de";"1627941667";"26";"AO02";"AO01";"AO07";"";"0";"0";"1";"0";"1";"0";"";"AO01";"AO04";"";"";"";"";"";"";;"AO04";"AO06";"AO03";"AO03";"AO01";"AO03";"AO03";"AO04";"AO02";"AO03";"AO02";"";"";"231.07";"43";;;;;"72.93";;;"54.26";;;;;;"60.88";;;;
"154";"1980-01-01 00:00:00";"4";"de";"1371821433";"20";"AO01";"AO01";"AO04";"";"0";"0";"1";"0";"0";"0";"";"AO02";"AO04";"";"";"";"";"";"";;"AO03";"AO04";"AO06";"AO04";"AO04";"AO03";"AO02";"AO05";"AO03";"AO03";"AO05";"";"";"157.25";"21.47";;;;;"21.42";;;"51.13";;;;;;"63.23";;;;
"156";"1980-01-01 00:00:00";"4";"de";"67347975";"25";"AO01";"AO01";"AO06";"";"1";"0";"1";"0";"0";"1";"";"AO02";"AO04";"";"";"";"";"";"";;"AO03";"AO05";"AO06";"AO06";"AO05";"AO03";"AO03";"AO06";"AO04";"AO04";"AO03";"Transparenter gestalten. Arbeitsalltag zeigen. Nicht nur Worte sondern dass man auch Taten sieht";"Nein";"101.51";"14.31";;;;;"11.77";;;"27.49";;;;;;"47.94";;;;
"157";"1980-01-01 00:00:00";"4";"de";"1705916562";"24";"AO02";"AO02";"AO04";"";"0";"0";"1";"0";"1";"0";"";"AO01";"AO01";"1";"0";"1";"0";"0";"0";"Story geliked, Kommentare gelesen";"AO01";"AO02";"AO02";"AO02";"AO02";"AO01";"AO02";"AO06";"AO02";"AO02";"AO03";"Umfragen";"";"360.1";"47.23";;;;;"28.37";;;"176.29";;;;;;"108.21";;;;
"158";"1980-01-01 00:00:00";"4";"de";"787466510";"23";"AO01";"AO01";"AO04";"";"0";"0";"1";"1";"1";"0";"";"AO01";"AO03";"";"";"";"";"";"";;"AO02";"AO02";"AO02";"AO05";"AO05";"AO03";"AO03";"AO03";"AO03";"AO04";"AO04";"";"";"441.7";"24.52";;;;;"52.95";;;"98.75";;;;;;"265.48";;;;
"159";"1980-01-01 00:00:00";"4";"de";"517500191";"22";"AO01";"AO01";"AO06";"";"0";"0";"1";"0";"0";"0";"";"AO01";"AO03";"";"";"";"";"";"";;"AO02";"AO05";"AO04";"AO06";"AO06";"AO03";"AO03";"AO05";"AO03";"AO04";"AO02";"";"";"132.48";"27.07";;;;;"11.98";;;"41.09";;;;;;"52.34";;;;
"160";"1980-01-01 00:00:00";"4";"de";"1825296180";"19";"AO01";"AO01";"AO04";"";"0";"0";"1";"0";"1";"0";"";"AO04";"AO04";"";"";"";"";"";"";;"AO04";"AO05";"AO05";"AO03";"AO03";"AO03";"AO04";"AO03";"AO03";"AO02";"AO03";"weniger versuchen witzig zu sein, sondern rein informativ (irgendwie wird vieles sehr schnell cringe)";"Politiker*innen sind gefühlt noch sehr zeitlich hinterher";"407.27";"24.07";;;;;"46.45";;;"135.86";;;;;;"200.89";;;;
"161";"1980-01-01 00:00:00";"4";"de";"931551889";"25";"AO02";"AO01";"AO07";"";"0";"0";"1";"1";"1";"1";"";"AO01";"AO03";"";"";"";"";"";"";;"AO03";"AO05";"AO06";"AO06";"AO03";"AO03";"AO03";"AO03";"AO02";"AO02";"AO01";"Aufgrund der begrenzten Zeit sind FAQ Videos zu bestimmten Kommentaren oder Fragen ausreichend.";"Ernsthafte Themen posten und keine Brezel-Videos";"486.24";"21.04";;;;;"23.65";;;"120.77";;;;;;"320.78";;;;
"162";"1980-01-01 00:00:00";"4";"de";"440175889";"22";"AO01";"AO01";"AO07";"";"0";"0";"1";"0";"1";"0";"";"AO05";"AO04";"";"";"";"";"";"";;"AO04";"AO01";"AO01";"AO01";"AO01";"AO03";"AO04";"AO01";"AO01";"AO01";"AO01";"";"";"100.91";"13.18";;;;;"20.13";;;"33.06";;;;;;"34.54";;;;
"163";"1980-01-01 00:00:00";"4";"de";"100530295";"28";"AO02";"AO01";"AO07";"";"0";"1";"0";"0";"0";"0";"Mastodon, Bluesky";"AO03";"AO04";"";"";"";"";"";"";;"AO03";"AO05";"AO03";"AO05";"AO05";"AO03";"AO03";"AO05";"AO04";"AO03";"AO05";"";"";"193.98";"33.89";;;;;"42.75";;;"69.85";;;;;;"47.49";;;;
"164";"1980-01-01 00:00:00";"4";"de";"1530787624";"23";"AO01";"AO01";"AO04";"";"0";"1";"1";"0";"1";"0";"";"AO02";"AO04";"";"";"";"";"";"";;"AO03";"AO03";"AO05";"AO03";"AO03";"AO03";"AO03";"AO02";"AO02";"AO02";"AO02";"";"";"97.61";"18.7";;;;;"15.45";;;"33.94";;;;;;"29.52";;;;
"165";"1980-01-01 00:00:00";"4";"de";"12378011";"27";"AO01";"AO01";"AO06";"";"1";"0";"1";"1";"1";"1";"";"AO04";"AO02";"";"";"";"";"";"";;"AO01";"AO01";"AO03";"AO01";"AO01";"AO03";"AO03";"AO01";"AO01";"AO01";"AO01";"";"";"82.15";"17.39";;;;;"17.14";;;"29.05";;;;;;"18.57";;;;
"167";"1980-01-01 00:00:00";"4";"de";"414992575";"24";"AO01";"AO01";"AO04";"";"0";"0";"1";"0";"1";"0";"";"AO02";"AO04";"";"";"";"";"";"";;"AO02";"AO04";"AO06";"AO05";"AO03";"AO03";"AO03";"AO04";"AO02";"AO04";"AO03";"";"";"150.48";"20.88";;;;;"23.01";;;"70.33";;;;;;"36.26";;;;
"168";"1980-01-01 00:00:00";"4";"de";"565213556";"18";"AO02";"AO01";"AO04";"";"0";"0";"1";"1";"1";"0";"";"AO02";"AO02";"";"";"";"";"";"";;"AO02";"AO06";"AO06";"AO06";"AO04";"";"AO03";"AO05";"AO03";"AO02";"AO03";"";"";"130.17";"15.86";;;;;"21.06";;;"50.25";;;;;;"43";;;;
"169";"1980-01-01 00:00:00";"4";"de";"518490152";"20";"AO02";"AO01";"AO04";"";"0";"1";"1";"0";"1";"0";"";"AO01";"AO01";"1";"0";"1";"0";"1";"0";"";"AO04";"AO03";"AO02";"AO02";"AO01";"AO03";"AO05";"AO03";"AO01";"AO02";"AO06";"Mehr in die Richtung abgeordnetenwatch.de oder fragdenstaat.de, richtig Politk und weniger Tiktok Trends usw. Braucht niemand";"";"761.13";"16.67";;;;;"43.61";;;"346.27";;;;;;"354.58";;;;
"170";"1980-01-01 00:00:00";"4";"de";"873021580";"29";"AO02";"AO01";"-oth-";"Bachelor";"0";"0";"0";"0";"1";"0";"";"AO04";"AO04";"";"";"";"";"";"";;"AO03";"AO04";"AO04";"AO03";"AO04";"";"AO03";"AO04";"AO03";"AO03";"AO04";"";"";"128.01";"49.82";;;;;"12.97";;;"36.43";;;;;;"28.79";;;;
"171";"1980-01-01 00:00:00";"4";"de";"200411913";"19";"AO01";"AO01";"AO04";"";"0";"0";"1";"1";"1";"0";"";"AO02";"AO04";"";"";"";"";"";"";;"AO02";"AO05";"AO02";"AO05";"AO06";"AO01";"AO02";"AO06";"AO03";"AO06";"AO04";"dass jeder Politiker seinen eigenen account führt ohne ein team, welches alles doppelt und dreifach prüft. somit ist es authentischer ";"live streams wären cool";"493.65";"90.45";;;;;"17.36";;;"165.55";;;;;;"220.29";;;;
"172";"1980-01-01 00:00:00";"4";"de";"442501396";"25";"AO02";"AO01";"AO07";"";"0";"0";"1";"0";"1";"0";"Threads ";"AO02";"AO03";"";"";"";"";"";"";;"AO02";"AO03";"AO04";"AO04";"AO03";"";"AO03";"AO02";"AO04";"AO02";"AO04";"";"";"332.72";"27.35";;;;;"42.63";;;"56.82";;;;;;"205.92";;;;
"174";"1980-01-01 00:00:00";"4";"de";"1506028159";"22";"AO02";"AO01";"AO04";"";"0";"1";"1";"0";"1";"0";"";"AO01";"AO04";"";"";"";"";"";"";;"AO03";"AO03";"AO03";"AO03";"AO04";"AO03";"AO02";"AO04";"AO03";"AO05";"AO04";"";"";"128.24";"16.56";;;;;"28.94";;;"43.85";;;;;;"38.89";;;;
"175";"1980-01-01 00:00:00";"4";"de";"544444563";"22";"AO02";"AO01";"AO04";"";"0";"0";"1";"0";"1";"1";"";"AO02";"AO04";"";"";"";"";"";"";;"AO03";"AO03";"AO03";"AO04";"AO05";"AO03";"AO02";"AO05";"AO03";"AO04";"AO03";"";"";"640.51";"24.68";;;;;"40.29";;;"501.25";;;;;;"74.29";;;;
"176";"1980-01-01 00:00:00";"4";"de";"2077582354";"26";"AO01";"AO01";"AO06";"";"0";"0";"0";"0";"1";"0";"";"AO04";"AO04";"";"";"";"";"";"";;"AO03";"AO04";"AO05";"AO04";"AO04";"AO03";"AO03";"AO03";"AO03";"AO04";"AO02";"Manche Politiker verhalten sich auf Social Media wie die Axt im Walde (AfD), andere wie ein Rehkitz auf einem zugefrorenen See. Es könnte ggf. helfen, wenn sie Kooperationen mit ""Influencern"" eingehen, dort sprechen und dadurch authentischer werden. Natürlich besteht dann die Gefahr, dass ""Influencer "" durch zu wenig Fachwissen/kritisches Hinterfragen zu viel Einfluss auf deren Follower haben und dieses Machtgefälle leicht ausgenutzt werden kann.";"Vermutlich müssen die jetzt jungen Politiker da langsam reinwachsen, von den älteren werden sich vermutlich wenige auf Social Media ""selbstverständlich"" bewegen.";"396.63";"24.6";;;;;"19.34";;;"47.38";;;;;;"305.31";;;;
"177";"1980-01-01 00:00:00";"4";"de";"1399786521";"21";"AO02";"AO02";"AO04";"";"0";"0";"0";"0";"0";"0";"";"AO05";"AO04";"";"";"";"";"";"";;"AO01";"AO02";"AO02";"AO02";"AO05";"AO03";"AO03";"AO06";"AO06";"AO06";"AO04";"";"";"97.79";"15.98";;;;;"15.2";;;"32.65";;;;;;"33.96";;;;
"178";"1980-01-01 00:00:00";"4";"de";"1573979899";"25";"AO01";"AO01";"AO06";"";"0";"0";"1";"0";"1";"0";"";"AO03";"AO03";"";"";"";"";"";"";;"AO02";"AO04";"AO05";"AO05";"AO06";"AO01";"AO04";"AO05";"AO02";"AO01";"AO02";"";"";"252.35";"11.48";;;;;"140.01";;;"59.27";;;;;;"41.59";;;;
